<?xml version="1.0"?>
<dwml version="1.0" xmlns:xsd="http://www.w3.org/2001/XMLSchema" xmlns:xsi="http://www.w3.org/2001/XMLSchema-instance" xsi:noNamespaceSchemaLocation="http://www.nws.noaa.gov/forecasts/xml/DWMLgen/schema/DWML.xsd">
	<head>
	<product srsName="WGS 1984" concise-name="time-series" operational-mode="official">
		<title>NOAA's National Weather Service Forecast Data</title>
		<field>meteorological</field>
		<category>forecast</category>
		<creation-date refresh-frequency="PT1H">2008-04-26T18:20:15Z</creation-date>
	</product>
	<source>
		<more-information>http://www.nws.noaa.gov/forecasts/xml/</more-information>
		<production-center>Meteorological Development Laboratory<sub-center>Product Generation Branch</sub-center></production-center>
		<disclaimer>http://www.nws.noaa.gov/disclaimer.html</disclaimer>
		<credit>http://www.weather.gov/</credit>
		<credit-logo>http://www.weather.gov/images/xml_logo.gif</credit-logo>
		<feedback>http://www.weather.gov/feedback.php</feedback>
	</source>
	</head>
	<data>
	<location>
		<location-key>point1</location-key>
		<point latitude="38.99" longitude="-77.01"/>
	</location>
	<moreWeatherInformation applicable-location="point1">http://forecast.weather.gov/MapClick.php?textField1=38.99&amp;textField2=-77.01</moreWeatherInformation>
	<time-layout time-coordinate="local" summarization="none">
		<layout-key>k-p3h-n34-1</layout-key>
		<start-valid-time>2008-04-26T17:00:00-04:00</start-valid-time>
		<start-valid-time>2008-04-26T20:00:00-04:00</start-valid-time>
		<start-valid-time>2008-04-26T23:00:00-04:00</start-valid-time>
		<start-valid-time>2008-04-27T02:00:00-04:00</start-valid-time>
		<start-valid-time>2008-04-27T05:00:00-04:00</start-valid-time>
		<start-valid-time>2008-04-27T08:00:00-04:00</start-valid-time>
		<start-valid-time>2008-04-27T11:00:00-04:00</start-valid-time>
		<start-valid-time>2008-04-27T14:00:00-04:00</start-valid-time>
		<start-valid-time>2008-04-27T17:00:00-04:00</start-valid-time>
		<start-valid-time>2008-04-27T20:00:00-04:00</start-valid-time>
		<start-valid-time>2008-04-27T23:00:00-04:00</start-valid-time>
		<start-valid-time>2008-04-28T02:00:00-04:00</start-valid-time>
		<start-valid-time>2008-04-28T05:00:00-04:00</start-valid-time>
		<start-valid-time>2008-04-28T08:00:00-04:00</start-valid-time>
		<start-valid-time>2008-04-28T11:00:00-04:00</start-valid-time>
		<start-valid-time>2008-04-28T14:00:00-04:00</start-valid-time>
		<start-valid-time>2008-04-28T17:00:00-04:00</start-valid-time>
		<start-valid-time>2008-04-28T20:00:00-04:00</start-valid-time>
		<start-valid-time>2008-04-29T02:00:00-04:00</start-valid-time>
		<start-valid-time>2008-04-29T08:00:00-04:00</start-valid-time>
		<start-valid-time>2008-04-29T14:00:00-04:00</start-valid-time>
		<start-valid-time>2008-04-29T20:00:00-04:00</start-valid-time>
		<start-valid-time>2008-04-30T02:00:00-04:00</start-valid-time>
		<start-valid-time>2008-04-30T08:00:00-04:00</start-valid-time>
		<start-valid-time>2008-04-30T14:00:00-04:00</start-valid-time>
		<start-valid-time>2008-04-30T20:00:00-04:00</start-valid-time>
		<start-valid-time>2008-05-01T02:00:00-04:00</start-valid-time>
		<start-valid-time>2008-05-01T08:00:00-04:00</start-valid-time>
		<start-valid-time>2008-05-01T14:00:00-04:00</start-valid-time>
		<start-valid-time>2008-05-01T20:00:00-04:00</start-valid-time>
		<start-valid-time>2008-05-02T02:00:00-04:00</start-valid-time>
		<start-valid-time>2008-05-02T08:00:00-04:00</start-valid-time>
		<start-valid-time>2008-05-02T14:00:00-04:00</start-valid-time>
		<start-valid-time>2008-05-02T20:00:00-04:00</start-valid-time>
	</time-layout>
	<parameters applicable-location="point1">
		<temperature type="hourly" units="Fahrenheit" time-layout="k-p3h-n34-1">
		<name>Temperature</name>
		<value>78</value>
		<value>72</value>
		<value>66</value>
		<value>63</value>
		<value>61</value>
		<value>61</value>
		<value>65</value>
		<value>67</value>
		<value>67</value>
		<value>63</value>
		<value>59</value>
		<value>57</value>
		<value>56</value>
		<value>57</value>
		<value>62</value>
		<value>64</value>
		<value>64</value>
		<value>58</value>
		<value>50</value>
		<value>49</value>
		<value>58</value>
		<value>53</value>
		<value>46</value>
		<value>47</value>
		<value>60</value>
		<value>56</value>
		<value>50</value>
		<value>51</value>
		<value>63</value>
		<value>59</value>
		<value>52</value>
		<value>53</value>
		<value>65</value>
		<value>60</value>
		</temperature>
		<conditions-icon type="forecast-NWS" time-layout="k-p3h-n34-1">
		<name>Conditions Icons</name>
		<icon-link>http://forecast.weather.gov/images/wtf/tsra80.jpg</icon-link>
		<icon-link>http://forecast.weather.gov/images/wtf/ntsra80.jpg</icon-link>
		<icon-link>http://forecast.weather.gov/images/wtf/ntsra80.jpg</icon-link>
		<icon-link>http://forecast.weather.gov/images/wtf/ntsra80.jpg</icon-link>
		<icon-link>http://forecast.weather.gov/images/wtf/ntsra80.jpg</icon-link>
		<icon-link>http://forecast.weather.gov/images/wtf/bkn.jpg</icon-link>
		<icon-link>http://forecast.weather.gov/images/wtf/bkn.jpg</icon-link>
		<icon-link>http://forecast.weather.gov/images/wtf/bkn.jpg</icon-link>
		<icon-link>http://forecast.weather.gov/images/wtf/bkn.jpg</icon-link>
		<icon-link>http://forecast.weather.gov/images/wtf/nra20.jpg</icon-link>
		<icon-link>http://forecast.weather.gov/images/wtf/nra80.jpg</icon-link>
		<icon-link>http://forecast.weather.gov/images/wtf/nra80.jpg</icon-link>
		<icon-link>http://forecast.weather.gov/images/wtf/nra80.jpg</icon-link>
		<icon-link>http://forecast.weather.gov/images/wtf/tsra80.jpg</icon-link>
		<icon-link>http://forecast.weather.gov/images/wtf/tsra60.jpg</icon-link>
		<icon-link>http://forecast.weather.gov/images/wtf/tsra60.jpg</icon-link>
		<icon-link>http://forecast.weather.gov/images/wtf/tsra60.jpg</icon-link>
		<icon-link>http://forecast.weather.gov/images/wtf/nra60.jpg</icon-link>
		<icon-link>http://forecast.weather.gov/images/wtf/nra40.jpg</icon-link>
		<icon-link>http://forecast.weather.gov/images/wtf/bkn.jpg</icon-link>
		<icon-link>http://forecast.weather.gov/images/wtf/bkn.jpg</icon-link>
		<icon-link>http://forecast.weather.gov/images/wtf/nsct.jpg</icon-link>
		<icon-link>http://forecast.weather.gov/images/wtf/nsct.jpg</icon-link>
		<icon-link>http://forecast.weather.gov/images/wtf/sct.jpg</icon-link>
		<icon-link>http://forecast.weather.gov/images/wtf/sct.jpg</icon-link>
		<icon-link>http://forecast.weather.gov/images/wtf/bkn.jpg</icon-link>
		<icon-link>http://forecast.weather.gov/images/wtf/nbkn.jpg</icon-link>
		<icon-link>http://forecast.weather.gov/images/wtf/bkn.jpg</icon-link>
		<icon-link>http://forecast.weather.gov/images/wtf/bkn.jpg</icon-link>
		<icon-link>http://forecast.weather.gov/images/wtf/bkn.jpg</icon-link>
		<icon-link>http://forecast.weather.gov/images/wtf/nbkn.jpg</icon-link>
		<icon-link>http://forecast.weather.gov/images/wtf/shra10.jpg</icon-link>
		<icon-link>http://forecast.weather.gov/images/wtf/shra20.jpg</icon-link>
		<icon-link>http://forecast.weather.gov/images/wtf/shra20.jpg</icon-link>
		</conditions-icon>
	</parameters>
	</data>
</dwml>